permission_ACCESS_COARSE_DATA,permission_ACCESS_COARSE_LOCATION,permission_ACCESS_FINE_LOCATION,permission_ACCESS_MOCK_LOCATION,permission_BATTERY_STATS,permission_BLUETOOTH,permission_BLUETOOTH_ADMIN,permission_CALL_PHONE,permission_CAMERA,permission_CHANGE_WIFI_STATE,permission_DISABLE_KEYGUARD,permission_GET_TASKS,permission_INTERNET,permission_MANAGE_ACCOUNTS,permission_NFC,permission_PROCESS_OUTGOING_CALLS,permission_READ_CALENDAR,permission_READ_CONTACTS,permission_READ_EXTERNAL_STORAGE,permission_READ_HISTORY_BOOKMARKS,permission_READ_PHONE_STATE,permission_READ_SMS,permission_RECEIVE_SMS,permission_RECORD_AUDIO,permission_SEND_SMS,permission_SYSTEM_ALERT_WINDOW,permission_WRITE_CONTACTS,permission_WRITE_EXTERNAL_STORAGE,permission_WRITE_HISTORY_BOOKMARKS,permission_WRITE_SMS,num_PERMISSIONS,num_IP_ADDRESSES,num_DOMAINS,num_CONTAINED_FILES,certificate_COUNTRY_CODE,file_SIZE_BYTES,file_BUILD_YEAR,app_sha256,malware_FAMILY,malware_TARGET
0,1,0,0,0,0,0,0,0,0,0,1,1,0,0,0,0,0,0,0,1,0,0,0,0,0,0,1,0,0,7,0,6,108,0,7332007,2015,01377ff928519ce62ead999920aec2641aefdd50bf1921f4d09d6015eb250058,Dowgin,adware
0,0,0,0,0,0,0,0,0,0,0,1,1,0,0,0,1,1,0,0,1,0,0,0,0,0,0,0,0,0,12,0,3,0,86,2824665,0,8adea8b89eb5a1f271ad45ab088df59dc778cba60f03bd4ea9acf4e802c91b1f,Nandrobox,trojan
0,1,1,0,0,0,0,0,0,0,1,1,1,0,0,1,0,1,0,1,1,0,0,0,0,1,0,1,1,0,41,21,7,44,0,1715432,2014,bcfcdc28c722647c3405f8030392cd0b2e9dc145293b6be1496690911f4dd186,Appwiz,adware
0,1,1,1,0,0,0,1,0,0,0,1,1,0,0,0,0,0,0,1,1,1,0,1,0,1,0,1,0,1,32,3,5,621,0,4486913,2014,bda5b31cc97599b80d83347e46f7f23b94422e734f441aade72e15c3dd14edd9,SKplanet,trojan
0,1,1,0,0,0,0,0,0,1,0,1,1,0,0,0,0,0,0,0,1,1,0,0,0,1,0,1,0,0,14,0,1,0,1,1559674,0,9333e4711e906039ba5ac03a5daf079e414b8af462776be7969fe72ce005e207,Wapsx,adware
0,1,0,0,0,0,0,0,0,0,0,1,1,0,0,0,0,0,0,1,1,0,0,0,0,0,0,1,1,0,14,0,3,0,86,2561062,0,31b38afd5697865c16035b1694dfbed6489f5fbbf83dc6b540d51d1d71df5626,Adwo,adware
0,0,0,0,0,0,0,0,0,0,0,0,1,0,0,1,0,0,0,0,1,0,0,0,0,1,0,1,0,0,7,0,0,0,86,969083,0,33c89e63b63db3207d38868902291e49b9188abdbb7c3ee8d3a239979539069a,Dowgin,adware
0,1,1,0,0,0,0,0,1,0,0,0,1,0,0,0,0,0,0,0,1,0,0,1,0,0,0,1,0,0,11,0,2,866,0,6558004,2013,e6d8e5a9fc8933af6965c8d6c1a368e5bf4ea24200276cdff49e4c7873014df4,Revmob,adware
0,0,0,0,0,0,0,0,0,0,0,0,1,0,0,0,0,0,0,0,1,0,0,0,0,0,0,1,0,0,8,0,4,130,1,12489014,2013,97b5bef75e933f2344d9bde1cc82759bb4ac23b3ec6d95a68a68175392400a5a,Dowgin,adware
0,1,0,0,0,0,0,1,0,0,0,0,1,0,0,0,0,0,0,0,1,0,0,0,1,0,0,1,0,0,7,9,6,139,86,2837399,2011,4dece530e6f0b6108e749b5871a54477995b88ed0cde2ef7d4e67e765b988359,Viser,adware
0,0,0,0,0,0,0,0,0,0,0,0,1,0,0,0,0,0,0,0,0,0,0,0,0,0,0,1,0,0,3,0,2,38,0,3620356,2011,4fe57d6fa3c4fa7998c58348658a56ba4c36ffdf6f5f9fa927051201fd381949,Clean,clean
